{"Mean Absolute error (Millions in Kr)": 1.0835667571171796, "Mean Square error (Millions in Kr)": 2.808087551782948, "R-squared score": 0.6361911344573261}