{"Mean Absolute error (Millions in Kr)": 1.0776920988201768, "Mean Square error (Millions in Kr)": 2.78400130040778, "R-squared score": 0.6393116895064063}