{"Mean Absolute error (Millions in Kr)": 1.065619949765884, "Mean Square error (Millions in Kr)": 2.7225753623675324, "R-squared score": 0.647269881842371}