{"Mean Absolute error (Millions in Kr)": 1.0852549738518351, "Mean Square error (Millions in Kr)": 2.8108374679130876, "R-squared score": 0.6358348621370388}