{"Mean Absolute error (Millions in Kr)": 1.0865147824802368, "Mean Square error (Millions in Kr)": 2.8164435565418695, "R-squared score": 0.6351085511846349}