{"Mean Absolute error (Millions in Kr)": 1.0765586181558633, "Mean Square error (Millions in Kr)": 2.7616931518304364, "R-squared score": 0.6422018779626486}