{"Mean Absolute error (Millions in Kr)": 1.0729915045045504, "Mean Square error (Millions in Kr)": 2.7402465652761228, "R-squared score": 0.6449804445779002}