{"Mean Absolute error (Millions in Kr)": 1.0553365908779302, "Mean Square error (Millions in Kr)": 2.813511167025627, "R-squared score": 0.600397277506141}