{"Mean Absolute error (Millions in Kr)": 1.0717533915145347, "Mean Square error (Millions in Kr)": 2.7526417276823376, "R-squared score": 0.6433745580483441}