{"Mean Absolute error (Millions in Kr)": 1.0524676800209976, "Mean Square error (Millions in Kr)": 2.8023819854707006, "R-squared score": 0.6019779541000706}