{"Mean Absolute error (Millions in Kr)": 1.0526660666080374, "Mean Square error (Millions in Kr)": 2.811805160532261, "R-squared score": 0.6006395814455499}