{"Mean Absolute error (Millions in Kr)": 1.0891589846647995, "Mean Square error (Millions in Kr)": 2.8269059122473728, "R-squared score": 0.6337530743022612}