{"Mean Absolute error (Millions in Kr)": 1.051590707040512, "Mean Square error (Millions in Kr)": 2.797816842238208, "R-squared score": 0.6026263409576238}