{"Mean Absolute error (Millions in Kr)": 1.0838728031514624, "Mean Square error (Millions in Kr)": 2.8036375439469734, "R-squared score": 0.636767666446663}