{"Mean Absolute error (Millions in Kr)": 1.0852113232435874, "Mean Square error (Millions in Kr)": 2.8050700985179104, "R-squared score": 0.6365820682259276}