{"Mean Absolute error (Millions in Kr)": 1.0510212445638079, "Mean Square error (Millions in Kr)": 2.8105320989965548, "R-squared score": 0.6008203942539483}