{"Mean Absolute error (Millions in Kr)": 1.0845038590796503, "Mean Square error (Millions in Kr)": 2.813357504506383, "R-squared score": 0.635508372439967}