{"Mean Absolute error (Millions in Kr)": 1.087841126715818, "Mean Square error (Millions in Kr)": 2.826863526155125, "R-squared score": 0.6337585657393519}