{"Mean Absolute error (Millions in Kr)": 1.0851828587859755, "Mean Square error (Millions in Kr)": 2.818949443290044, "R-squared score": 0.6347838947064375}