{"Mean Absolute error (Millions in Kr)": 1.0709184516150532, "Mean Square error (Millions in Kr)": 2.7386862791414672, "R-squared score": 0.6451825913835475}