{"Mean Absolute error (Millions in Kr)": 1.0533056475392661, "Mean Square error (Millions in Kr)": 2.8122063355176343, "R-squared score": 0.6005826026006706}