{"Mean Absolute error (Millions in Kr)": 1.0830080941514315, "Mean Square error (Millions in Kr)": 2.792524672642563, "R-squared score": 0.6382074225182329}