{"Mean Absolute error (Millions in Kr)": 1.0543364675489295, "Mean Square error (Millions in Kr)": 2.8134350898950675, "R-squared score": 0.6004080827337325}