{"Mean Absolute error (Millions in Kr)": 1.0807958281336425, "Mean Square error (Millions in Kr)": 2.793243796464828, "R-squared score": 0.6381142546176108}