{"Mean Absolute error (Millions in Kr)": 1.047708682077722, "Mean Square error (Millions in Kr)": 2.780715989307313, "R-squared score": 0.6050551734670668}