{"Mean Absolute error (Millions in Kr)": 1.066806998979039, "Mean Square error (Millions in Kr)": 2.736570087562758, "R-squared score": 0.645456759921146}