{"Mean Absolute error (Millions in Kr)": 1.0702852412678598, "Mean Square error (Millions in Kr)": 2.7430768250052746, "R-squared score": 0.6446137631399942}