{"Mean Absolute error (Millions in Kr)": 1.0845208880846953, "Mean Square error (Millions in Kr)": 2.804749552487118, "R-squared score": 0.6366235973754524}