{"Mean Absolute error (Millions in Kr)": 1.0525374510967949, "Mean Square error (Millions in Kr)": 2.806752625502645, "R-squared score": 0.6013571925135253}