{"Mean Absolute error (Millions in Kr)": 1.0521371270957705, "Mean Square error (Millions in Kr)": 2.8067942819065586, "R-squared score": 0.6013512760584537}