{"Mean Absolute error (Millions in Kr)": 1.0678528271775625, "Mean Square error (Millions in Kr)": 2.7299149654309733, "R-squared score": 0.6463189810549833}