{"Mean Absolute error (Millions in Kr)": 1.0779609343902876, "Mean Square error (Millions in Kr)": 2.777927902198149, "R-squared score": 0.6400985439302407}