{"Mean Absolute error (Millions in Kr)": 1.0702175041709883, "Mean Square error (Millions in Kr)": 2.7389103325741386, "R-squared score": 0.6451535635759532}