{"Mean Absolute error (Millions in Kr)": 1.0843742759434425, "Mean Square error (Millions in Kr)": 2.803733195797241, "R-squared score": 0.6367552740299414}