{"Mean Absolute error (Millions in Kr)": 1.0516757325331128, "Mean Square error (Millions in Kr)": 2.8048838662632556, "R-squared score": 0.6016226122099166}